id,x,f_obs,f0
1,0,0.006667,0.007937
2,1,0.01,0.011905
3,2,0.013333,0.015873
4,3,0.016667,0.019841
5,4,0.02,0.02381
6,5,0.023333,0.027778
7,6,0.026667,0.031746
8,7,0.03,0.035714
9,8,0.033333,0.039683
10,9,0.036667,0.043651
11,10,0.2,0.047619
12,11,0.043333,0.051587
13,12,0.046667,0.055556
14,13,0.05,0.059524
15,14,0.053333,0.063492
16,15,0.056667,0.06746
17,16,0.06,0.071429
18,17,0.063333,0.075397
19,18,0.066667,0.079365
20,19,0.07,0.083333
21,20,0.073333,0.087302
